<?xml version="1.0" encoding="utf-8"?>
<feed xmlns="http://www.w3.org/2005/Atom" xmlns:media="http://search.yahoo.com/mrss/">
    <title>Recoding Immigration</title>
    <link href="https://blog.fillvisa.com/feed.xml" rel="self" />
    <link href="https://blog.fillvisa.com" />
    <updated>2025-11-05T13:37:01+05:30</updated>
    <author>
        <name>Junaid Khan</name>
    </author>
    <id>https://blog.fillvisa.com</id>

    <entry>
        <title>Why Fillvisa is Free Forever</title>
        <author>
            <name>Junaid Khan</name>
        </author>
        <link href="https://blog.fillvisa.com/why-fillvisa-is-free-forever/"/>
        <id>https://blog.fillvisa.com/why-fillvisa-is-free-forever/</id>
            <category term="Making Fillvisa"/>

        <updated>2025-11-03T11:45:12+05:30</updated>
            <summary type="html">
                <![CDATA[
                    Hello 3 Every immigrant knows the heartbreak of the broken form: You open the DS-160, fill out a few pages, and suddenly, the website crashes. You've just lost 20 mins of form filling. You download the I-130, only to find half the fields don’t work&hellip;
                ]]>
            </summary>
        <content type="html">
            <![CDATA[
                <p data-start="274" data-end="330">Hello 3</p>
<p data-start="274" data-end="330">Every immigrant knows the heartbreak of the broken form:</p>
<p data-start="332" data-end="639">You open the <strong data-start="345" data-end="355">DS-160</strong>, fill out a few pages, and suddenly, the website crashes. You've just lost 20 mins of form filling.</p>
<p data-start="332" data-end="639"><br data-start="409" data-end="412">You download the <strong data-start="429" data-end="438">I-130</strong>, only to find half the fields don’t work unless you open it in an outdated version of Adobe Acrobat. You try again, and again, hoping the system behaves just long enough to capture your information.</p>
<p data-start="641" data-end="890">Somewhere between the <em data-start="663" data-end="672">timeout</em> and the <em data-start="681" data-end="696">error message</em>, frustration turns into fear.<br data-start="726" data-end="729">Because these aren’t just forms - they’re decisions about your <strong data-start="792" data-end="823">family, freedom, and future</strong>.<br data-start="824" data-end="827">And yet, they’re built like they were never meant to be filled.</p>
<p data-start="892" data-end="956">I built <strong data-start="901" data-end="913">Fillvisa</strong> after realizing something almost absurd:</p>
<blockquote data-start="957" data-end="1065">
<p data-start="959" data-end="1065">The world’s most important documents - the ones deciding visas, families, and futures — aren’t accessible.</p>
</blockquote>
<p data-start="1067" data-end="1126">They fail the most basic test of technology: <strong data-start="1112" data-end="1126">usability. </strong>So I asked myself a simple question that turned into a mission:</p>
<blockquote data-start="1197" data-end="1334">
<p data-start="1199" data-end="1334">What if I rebuilt these forms like good software?</p>
</blockquote>
<p data-start="1199" data-end="1334"> </p>
<p data-start="1199" data-end="1334"> </p>
<h2 data-start="1199" data-end="1334">🧩 Bureaucracy as a User Experience Problem</h2>
<p data-start="1285" data-end="1403">Immigration isn’t just a policy issue. It’s also a design issue. The pain starts not in the law but in the <strong data-start="1389" data-end="1402">interface</strong>.</p>
<p data-start="1405" data-end="1457">Each government form carries the same hidden legacy:</p>
<ul data-start="1458" data-end="1652">
<li data-start="1458" data-end="1505">
<p data-start="1460" data-end="1505">Built with <strong data-start="1471" data-end="1490">Adobe LiveCycle</strong> in the 2000s</p>
</li>
<li data-start="1506" data-end="1550">
<p data-start="1508" data-end="1550">Rendered in <strong data-start="1520" data-end="1532">XFA PDFs</strong>, now deprecated</p>
</li>
<li data-start="1551" data-end="1611">
<p data-start="1553" data-end="1611">Filled with redundant fields (“Name” repeated six times)</p>
</li>
<li data-start="1612" data-end="1652">
<p data-start="1614" data-end="1652">Timed out, crashed, or lost progress</p>
</li>
</ul>
<p data-start="1654" data-end="1733">Every immigrant pays for that design debt in time, stress, or rejected filings. When the form is broken, the <em data-start="1764" data-end="1779">system itself</em> is broken - no matter how fair the policy sounds.</p>
<p data-start="1735" data-end="1829"> </p>
<h2 data-start="1735" data-end="1829">⚙️ The Architecture of “Free Forever”</h2>
<p>Fillvisa’s “free forever” isn’t generosity - it’s <strong data-start="1931" data-end="1952">engineering logic</strong>. I designed the system to run entirely <strong data-start="1994" data-end="2013">in your browser</strong>, not my servers.</p>
<table class="w-fit min-w-(--thread-content-width) table-bordered" data-start="2033" data-end="2316">
<thead data-start="2033" data-end="2063">
<tr data-start="2033" data-end="2063">
<th data-start="2033" data-end="2052" data-col-size="sm"><strong>Design Principle</strong></th>
<th data-start="2052" data-end="2063" data-col-size="sm"><strong>Outcome</strong></th>
</tr>
</thead>
<tbody data-start="2096" data-end="2316">
<tr data-start="2096" data-end="2166">
<td data-start="2096" data-end="2123" data-col-size="sm">Local-first (no backend)</td>
<td data-start="2123" data-end="2166" data-col-size="sm">No data storage costs, no privacy risks</td>
</tr>
<tr data-start="2167" data-end="2214">
<td data-start="2167" data-end="2187" data-col-size="sm">Static deployment</td>
<td data-start="2187" data-end="2214" data-col-size="sm">Near-zero hosting costs</td>
</tr>
<tr data-start="2215" data-end="2259">
<td data-start="2215" data-end="2227" data-col-size="sm">No logins</td>
<td data-start="2227" data-end="2259" data-col-size="sm">No user tracking or accounts</td>
</tr>
<tr data-start="2260" data-end="2316">
<td data-start="2260" data-end="2278" data-col-size="sm">Browser storage</td>
<td data-start="2278" data-end="2316" data-col-size="sm">Works offline, secure, and instant</td>
</tr>
</tbody>
</table>
<p data-start="2318" data-end="2454">I can make it free because the cost curve is flat. Whether 100 or 1,000,000 people use Fillvisa, our infrastructure remains the same. The freedom isn’t subsidized - it’s baked into the code.</p>
<p data-start="2456" data-end="2512"> </p>
<p data-start="2456" data-end="2512"> </p>
<h2 data-start="2456" data-end="2512">💡 The Philosophy Behind Free</h2>
<p data-start="2556" data-end="2727">When a government form is mandatory, the tools to complete it should be public.<br data-start="2635" data-end="2638">Charging people to fix bureaucratic pain creates a perverse incentive to keep it painful.</p>
<p data-start="2781" data-end="3037">Fillvisa exists as <strong data-start="2800" data-end="2824">civic infrastructure</strong>, not a product tier. You can fill, validate, and map any USCIS form —<a href="https://fillvisa.com/form/usa-ds160/" target="_blank" rel="noopener noreferrer"> DS-160</a>, <a href="https://fillvisa.com/form/i-90/" target="_blank" rel="noopener noreferrer">I-90</a>, <a href="https://fillvisa.com/form/ar-11/" target="_blank" rel="noopener noreferrer">AR-11</a> — with no account, no paywall, no ads.<br data-start="2956" data-end="2959">Even our <strong data-start="2968" data-end="2988">automation layer</strong> (form autofill and PDF mapping) is free forever.</p>
<p class="msg msg--info" data-start="2781" data-end="3037">You can check out all the <a href="https://fillvisa.com/form/" target="_blank" rel="noopener noreferrer">forms here</a></p>
<p data-start="2781" data-end="3037"> </p>
<h2 data-start="2781" data-end="3037">🧱 How I Actually Make Money</h2>
<p data-start="3081" data-end="3221">Here’s the transparent truth:</p>
<p data-start="3081" data-end="3221">I don’t need to monetize Fillvisa because I'm building a separate product, <strong data-start="3185" data-end="3201"><a href="https://visasimplify.com/" target="_blank" rel="noopener noreferrer">VisaSimplify</a></strong>, for professionals.</p>
<div class="_tableContainer_1rjym_1">
<div class="group _tableWrapper_1rjym_13 flex w-fit flex-col-reverse" tabindex="-1">
<table class="w-fit min-w-(--thread-content-width)" data-start="3223" data-end="3614">
<thead data-start="3223" data-end="3265">
<tr data-start="3223" data-end="3265">
<th data-start="3223" data-end="3230" data-col-size="sm">Tool</th>
<th data-start="3230" data-end="3241" data-col-size="md">Audience</th>
<th data-start="3241" data-end="3256" data-col-size="md">What You Get</th>
<th data-start="3256" data-end="3265" data-col-size="sm">Price</th>
</tr>
</thead>
<tbody data-start="3312" data-end="3614">
<tr data-start="3312" data-end="3445">
<td data-start="3312" data-end="3327" data-col-size="sm"><strong data-start="3314" data-end="3326">Fillvisa</strong></td>
<td data-start="3327" data-end="3362" data-col-size="md">Immigrants, students, applicants</td>
<td data-start="3362" data-end="3429" data-col-size="md">Free tools to fill, autofill, and export official forms locally.</td>
<td data-start="3429" data-end="3445" data-col-size="sm">$0 — forever</td>
</tr>
<tr data-start="3446" data-end="3614">
<td data-start="3446" data-end="3465" data-col-size="sm"><strong data-start="3448" data-end="3464">VisaSimplify</strong></td>
<td data-start="3465" data-end="3517" data-col-size="md">Immigration lawyers, law firms, and visa agencies</td>
<td data-start="3517" data-end="3601" data-col-size="md">Collaboration, client management, cloud sync, analytics, and workflow automation.</td>
<td data-start="3601" data-end="3614" data-col-size="sm">Paid SaaS</td>
</tr>
</tbody>
</table>
</div>
</div>
<p data-start="3616" data-end="3744"><a href="https://fillvisa.com/" target="_blank" rel="noopener noreferrer"><strong data-start="3616" data-end="3628">Fillvisa</strong> </a>is a <strong data-start="3634" data-end="3652">public utility</strong> - anyone can use it, including lawyers working with clients.<br data-start="3713" data-end="3716">If you’re a lawyer, you can:</p>
<ol data-start="370" data-end="860">
<li data-start="370" data-end="507">
<p data-start="373" data-end="507"><strong data-start="373" data-end="398">Share a Fillvisa link</strong> with your client.<br data-start="416" data-end="419">They can open it in any browser - no installation, no logins, no training required.</p>
</li>
<li data-start="509" data-end="686">
<p data-start="512" data-end="686"><strong data-start="512" data-end="556">Let your client fill everything locally.</strong><br data-start="556" data-end="559">Their answers never leave their device. The entire form logic runs in their browser, so their personal data stays private.</p>
</li>
<li data-start="688" data-end="860">
<p data-start="691" data-end="860"><strong data-start="691" data-end="725">Receive a ready-to-review PDF.</strong><br data-start="725" data-end="728">Your client downloads a completed USCIS form and emails it to you for confirmation or filing. No portals, no risk, no friction.</p>
</li>
</ol>
<p data-start="862" data-end="1015">It’s simple: <strong data-start="875" data-end="916">everyone uses the same infrastructure</strong>. Applicants get an experience that feels humane; lawyers get cleaner data and less back-and-forth.</p>
<h3>⚙️ When You Need More: VisaSimplify</h3>
<p data-start="1063" data-end="1282">If you’re managing multiple clients, forms, you’ll eventually need collaboration beyond local files. That’s where <a href="visasimplify.com" target="_blank" rel="noopener noreferrer"><strong data-start="1194" data-end="1210">VisaSimplify</strong> </a>comes in - our professional SaaS platform built on the same foundation.</p>
<ul data-start="1284" data-end="1485">
<li data-start="1284" data-end="1334">
<p data-start="1286" data-end="1334">Real-time collaboration with clients</p>
</li>
<li data-start="1335" data-end="1380">
<p data-start="1337" data-end="1380">Secure <strong data-start="1344" data-end="1358">cloud sync</strong></p>
</li>
<li data-start="1381" data-end="1431">
<p data-start="1383" data-end="1431">Shared dashboards for hundreds of active cases</p>
</li>
<li data-start="1432" data-end="1485">
<p data-start="1434" data-end="1485">Role-based permissions, analytics, and audit logs</p>
</li>
</ul>
<p data-start="1487" data-end="1647">You still start with <strong data-start="1508" data-end="1520">Fillvisa</strong>, because that’s the public gateway.<br data-start="1556" data-end="1559">But when you need teamwork, coordination, and scale - you step up to <strong data-start="1628" data-end="1644">VisaSimplify</strong>.</p>
<p data-start="1649" data-end="1696">Both products speak the same design language: <span style="font-size: inherit;">Privacy by default. Collaboration by choice.</span></p>
<p> </p>
<h2>🔬 What Free Enables (Technically and Ethically)</h2>
<p data-start="5226" data-end="5307">Because Fillvisa is static, I can make things that ordinary SaaS products can’t:</p>
<ul data-start="5308" data-end="5560">
<li data-start="5308" data-end="5357"><strong>Scalable at no cost: </strong>The infrastructure doesn't expand per user. So, the price of access stays zero forever.</li>
<li data-start="5358" data-end="5420">
<p data-start="5360" data-end="5420"><strong data-start="5360" data-end="5382">Privacy by default: </strong>no server logs, no analytics IDs.</p>
</li>
<li data-start="5421" data-end="5494">
<p data-start="5423" data-end="5494"><strong data-start="5423" data-end="5442">Instant updates:</strong> deploy new form versions without user accounts.</p>
</li>
<li data-start="5495" data-end="5560">
<p data-start="5497" data-end="5560"><strong data-start="5497" data-end="5514">Shared schema: </strong>every field mapped and documented publicly.</p>
</li>
</ul>
<p data-start="5562" data-end="5746">The result is a tool that behaves less like an app and more like <strong data-start="929" data-end="954">public infrastructure - </strong>a form commons.</p>
<p data-start="5562" data-end="5746"> </p>
<h2 data-start="5562" data-end="5746">🧠 The Ethics of Scale</h2>
<p data-start="5896" data-end="6057">In traditional B2C software, more users mean more cost. Every new sign-up increases server load, storage, and support overhead. That’s why most “free” tools eventually hit paywalls - the economics demand it.</p>
<p data-start="5896" data-end="6057">But <strong data-start="401" data-end="413">Fillvisa</strong> works differently. It runs entirely in your browser. No backend, no accounts, no data stored on our servers. Whether ten people use it or ten million, our infrastructure costs remain flat.</p>
<p data-start="5896" data-end="6057">That architectural choice - <em data-start="638" data-end="675">local-first, static, and serverless</em> - changed everything.<br data-start="697" data-end="700">It meant we could make the <strong data-start="727" data-end="760">entire B2C layer free forever</strong>, without worrying about scale. And that freedom unlocked something even more powerful: <strong data-start="850" data-end="866">distribution</strong>.</p>
<p data-start="5896" data-end="6057">By making Fillvisa 100% free for individuals, we reached both sides of the immigration ecosystem -  immigrants and the lawyers who help them. That reach fuels <strong data-start="1031" data-end="1047">VisaSimplify</strong>, our B2B product for professionals who need collaboration, cloud sync, and multi-client management.</p>
<p data-start="6223" data-end="6338"> </p>
<h2 data-start="6223" data-end="6338">💬 Why “Forever Free” Matters for Credibility</h2>
<p data-start="6398" data-end="6628">Lawyers using Fillvisa for intake don’t need to worry that a client’s data is being tracked or sold. Immigrants don’t fear hidden fees. Journalists and civic partners can cite Fillvisa knowing it’s not a disguised lead magnet.</p>
<p data-start="6630" data-end="6727">“Forever free” creates the <strong data-start="6657" data-end="6677">moral permission</strong> for others to integrate, embed, and recommend us. Trust is the compounding asset here. And trust compounds faster than MRR.</p>
<p data-start="6729" data-end="6804"> </p>
<h2 data-start="6729" data-end="6804">📜 A Public Experiment in Better Bureaucracy</h2>
<p data-start="6863" data-end="7035">My long-term vision is simple: To make immigration paperwork feel like filling out a modern app - structured, private, and fast - whether or not you can afford a lawyer.</p>
<p data-start="7037" data-end="7206">Fillvisa is my public experiment. VisaSimplify is the professional system that keeps that experiment running sustainably. Together they form a <strong data-start="7185" data-end="7203">civic flywheel</strong>:</p>
<ul data-start="7207" data-end="7302">
<li data-start="7207" data-end="7302">
<p data-start="7209" data-end="7302">Fix the experience → Earn trust → Build tools for those who serve others → Fund the next fix.</p>
</li>
</ul>
<p data-start="7738" data-end="7876">When you remove price, you remove permission barriers. Fillvisa users don’t need to “sign up,” “apply,” or “upgrade.” They just <em data-start="7868" data-end="7876">begin. </em>That’s how reform starts: not in policy memos, but in simple tools that restore agency to the user.</p>
<p data-start="7878" data-end="7977"> </p>
<h2 data-start="7878" data-end="7977">✍️ Footnote</h2>
<p data-start="8136" data-end="8165">If you’re a lawyer or agency:</p>
<ul data-start="8166" data-end="8417">
<li data-start="8166" data-end="8239">
<p data-start="8168" data-end="8239">You can start using <a href="https://fillvisa.com/" target="_blank" rel="noopener noreferrer">Fillvisa<svg width="20" height="20" viewbox="0 0 20 20" fill="currentColor" xmlns="http://www.w3.org/2000/svg" data-rtl-flip="" class="block h-[0.75em] w-[0.75em] stroke-current stroke-[0.75]"><path d="M14.3349 13.3301V6.60645L5.47065 15.4707C5.21095 15.7304 4.78895 15.7304 4.52925 15.4707C4.26955 15.211 4.26955 14.789 4.52925 14.5293L13.3935 5.66504H6.66011C6.29284 5.66504 5.99507 5.36727 5.99507 5C5.99507 4.63273 6.29284 4.33496 6.66011 4.33496H14.9999L15.1337 4.34863C15.4369 4.41057 15.665 4.67857 15.665 5V13.3301C15.6649 13.6973 15.3672 13.9951 14.9999 13.9951C14.6327 13.9951 14.335 13.6973 14.3349 13.3301Z"></path></svg></a>with your clients right now — 100% free.</p>
</li>
<li data-start="8240" data-end="8378">
<p data-start="8242" data-end="8378">When you’re ready for collaboration, shared dashboards, and automation at scale, move to <strong data-start="8331" data-end="8375"><a href="https://visasimplify.com" class="decorated-link" target="_blank" rel="noopener noreferrer">VisaSimplify<svg width="20" height="20" viewbox="0 0 20 20" fill="currentColor" xmlns="http://www.w3.org/2000/svg" data-rtl-flip="" class="block h-[0.75em] w-[0.75em] stroke-current stroke-[0.75]"><path d="M14.3349 13.3301V6.60645L5.47065 15.4707C5.21095 15.7304 4.78895 15.7304 4.52925 15.4707C4.26955 15.211 4.26955 14.789 4.52925 14.5293L13.3935 5.66504H6.66011C6.29284 5.66504 5.99507 5.36727 5.99507 5C5.99507 4.63273 6.29284 4.33496 6.66011 4.33496H14.9999L15.1337 4.34863C15.4369 4.41057 15.665 4.67857 15.665 5V13.3301C15.6649 13.6973 15.3672 13.9951 14.9999 13.9951C14.6327 13.9951 14.335 13.6973 14.3349 13.3301Z"></path></svg></a></strong>.</p>
</li>
<li data-start="8379" data-end="8417">
<p data-start="8381" data-end="8417">The free tool remains free, forever.</p>
</li>
</ul>
<p> </p>
<p> </p>
            ]]>
        </content>
    </entry>
</feed>
