[
    {
        "path": "404.html",
        "type": "file",
        "md5": "a07b34c737fb4815738c758d9febb181"
    },
    {
        "path": "assets",
        "type": "directory",
        "md5": false
    },
    {
        "path": "assets/css",
        "type": "directory",
        "md5": false
    },
    {
        "path": "/assets/css/editor.css",
        "type": "file",
        "md5": "e5909a88ba1158a79ba2dbf82d6b2d86"
    },
    {
        "path": "/assets/css/main.css",
        "type": "file",
        "md5": "b6340f1ffaf8573b20eb547e8b704507"
    },
    {
        "path": "/assets/css/style.css",
        "type": "file",
        "md5": "95c29c0253996fb493484cddbb7bebcb"
    },
    {
        "path": "assets/dynamic",
        "type": "directory",
        "md5": false
    },
    {
        "path": "assets/js",
        "type": "directory",
        "md5": false
    },
    {
        "path": "/assets/js/scripts.js",
        "type": "file",
        "md5": "e9e5c3efbaa696d1490988cf5b30e23b"
    },
    {
        "path": "/assets/js/scripts.min.js",
        "type": "file",
        "md5": "ffcbea6c02c8178d10092962b235a5b0"
    },
    {
        "path": "/assets/js/svg-fix.js",
        "type": "file",
        "md5": "7c0d2bb7276904b382e80bf2d85e8a96"
    },
    {
        "path": "/assets/js/svg-map.js",
        "type": "file",
        "md5": "f0c119fe4ab4e9bba79dea32d15e32df"
    },
    {
        "path": "assets/svg",
        "type": "directory",
        "md5": false
    },
    {
        "path": "/assets/svg/svg-map.svg",
        "type": "file",
        "md5": "cf04dfd5c3cc64e0be44692fe7d976a6"
    },
    {
        "path": "authors",
        "type": "directory",
        "md5": false
    },
    {
        "path": "authors/junaid-khan",
        "type": "directory",
        "md5": false
    },
    {
        "path": "/authors/junaid-khan/index.html",
        "type": "file",
        "md5": "cbf336464fe22ddacae3f4ecdd3864ff"
    },
    {
        "path": "feed.json",
        "type": "file",
        "md5": "8e700b596b1c837a5fa0803f1e162511"
    },
    {
        "path": "feed.xml",
        "type": "file",
        "md5": "bf5924a4e34a05e237937bff03a1d1ac"
    },
    {
        "path": "index.html",
        "type": "file",
        "md5": "c0090a572ccf35e49ebccbf6bc835374"
    },
    {
        "path": "media",
        "type": "directory",
        "md5": false
    },
    {
        "path": "media/tags",
        "type": "directory",
        "md5": false
    },
    {
        "path": "media/tags/1",
        "type": "directory",
        "md5": false
    },
    {
        "path": "/media/tags/1/Cover-1.png",
        "type": "file",
        "md5": "b82c6c8201dc91a53473047059513c96"
    },
    {
        "path": "media/tags/1/responsive",
        "type": "directory",
        "md5": false
    },
    {
        "path": "/media/tags/1/responsive/Cover-1-2xl.png",
        "type": "file",
        "md5": "9038363558ce69904f4746ce3b062c3f"
    },
    {
        "path": "/media/tags/1/responsive/Cover-1-lg.png",
        "type": "file",
        "md5": "1a118a8d717319f758ac87733a6bef26"
    },
    {
        "path": "/media/tags/1/responsive/Cover-1-md.png",
        "type": "file",
        "md5": "16745203f4fb75345587386cc9570b7d"
    },
    {
        "path": "/media/tags/1/responsive/Cover-1-sm.png",
        "type": "file",
        "md5": "95fe4684f445afae0f7c342e0fa651f7"
    },
    {
        "path": "/media/tags/1/responsive/Cover-1-xl.png",
        "type": "file",
        "md5": "da227deb59d9975784d2c68c4b1653e4"
    },
    {
        "path": "/media/tags/1/responsive/Cover-1-xs.png",
        "type": "file",
        "md5": "70de4f1cbae9141233e3ca127b728c79"
    },
    {
        "path": "media/website",
        "type": "directory",
        "md5": false
    },
    {
        "path": "/media/website/ChatGPT-Image-Nov-3-2025-02_09_11-PM.png",
        "type": "file",
        "md5": "639dd1e62c1d387b7637be5bac83fe07"
    },
    {
        "path": "media/website/responsive",
        "type": "directory",
        "md5": false
    },
    {
        "path": "/media/website/responsive/ChatGPT-Image-Nov-3-2025-02_09_11-PM-2xl.png",
        "type": "file",
        "md5": "a9f09d673a104cd6df97a16f33e16cc9"
    },
    {
        "path": "/media/website/responsive/ChatGPT-Image-Nov-3-2025-02_09_11-PM-lg.png",
        "type": "file",
        "md5": "76b158a422dfab0c648949a5c4651994"
    },
    {
        "path": "/media/website/responsive/ChatGPT-Image-Nov-3-2025-02_09_11-PM-md.png",
        "type": "file",
        "md5": "d7322f116b4ffe063329680d7063e776"
    },
    {
        "path": "/media/website/responsive/ChatGPT-Image-Nov-3-2025-02_09_11-PM-sm.png",
        "type": "file",
        "md5": "55b4b937aaf6632e747986b34071eadd"
    },
    {
        "path": "/media/website/responsive/ChatGPT-Image-Nov-3-2025-02_09_11-PM-xl.png",
        "type": "file",
        "md5": "a9f09d673a104cd6df97a16f33e16cc9"
    },
    {
        "path": "/media/website/responsive/ChatGPT-Image-Nov-3-2025-02_09_11-PM-xs.png",
        "type": "file",
        "md5": "99b9b06e0f7cc1b59773b1ac022e576a"
    },
    {
        "path": "robots.txt",
        "type": "file",
        "md5": "fd68e5c8b9dad78b609bce6c65de0623"
    },
    {
        "path": "search.html",
        "type": "file",
        "md5": "96b6ecd01e78ee0a53452a96bc07b9a0"
    },
    {
        "path": "sitemap.xml",
        "type": "file",
        "md5": "0e7e0e90774fd7d5dc886e98b2a81eeb"
    },
    {
        "path": "sitemap.xsl",
        "type": "file",
        "md5": "03c2f9a7fdcc46ff05c435907614a0b8"
    },
    {
        "path": "tags",
        "type": "directory",
        "md5": false
    },
    {
        "path": "/tags/index.html",
        "type": "file",
        "md5": "72133d45c8880f882f5df125a7fb37e3"
    },
    {
        "path": "tags/making-fillvisa",
        "type": "directory",
        "md5": false
    },
    {
        "path": "/tags/making-fillvisa/index.html",
        "type": "file",
        "md5": "fa215955ae8bce97d576fa32faa092e9"
    },
    {
        "path": "welcome",
        "type": "directory",
        "md5": false
    },
    {
        "path": "/welcome/index.html",
        "type": "file",
        "md5": "9565efb5500cc7b0baca110cff2b5c0a"
    },
    {
        "path": "why-fillvisa-is-free-forever",
        "type": "directory",
        "md5": false
    },
    {
        "path": "/why-fillvisa-is-free-forever/index.html",
        "type": "file",
        "md5": "82a034475ef6dc9118f5a939a0cc5fe8"
    }
]